point real,point imag,potential real,potential imag
5.990212e-03,5.026385e-03,2.821840e+03,-1.610553e+04
1.980726e-02,1.662026e-02,2.417407e+02,-1.472991e+03
4.075975e-02,3.420149e-02,4.336312e+01,-3.477032e+02
6.786620e-02,5.694650e-02,4.202648e+00,-1.250579e+02
9.985882e-02,8.379150e-02,-7.599956e+00,-5.705908e+01
1.352416e-01,1.134812e-01,-1.206375e+01,-2.996797e+01
1.723600e-01,1.446272e-01,-1.390568e+01,-1.684061e+01
2.094784e-01,1.757733e-01,-1.456932e+01,-9.376183e+00
2.448612e-01,2.054629e-01,-1.459574e+01,-4.564778e+00
2.768538e-01,2.323079e-01,-1.424990e+01,-1.210488e+00
3.039603e-01,2.550529e-01,-1.371778e+01,1.183333e+00
3.249127e-01,2.726342e-01,-1.316352e+01,2.832406e+00
3.387298e-01,2.842280e-01,-1.273095e+01,3.840514e+00
3.447200e-01,2.892544e-01,-1.252696e+01,4.259632e+00
3.507102e-01,2.942808e-01,-1.231305e+01,4.668326e+00
3.645273e-01,3.058747e-01,-1.178198e+01,5.572325e+00
3.854797e-01,3.234559e-01,-1.087726e+01,6.842252e+00
4.125862e-01,3.462009e-01,-9.532977e+00,8.302955e+00
4.445788e-01,3.730459e-01,-7.707067e+00,9.744838e+00
4.799616e-01,4.027356e-01,-5.419229e+00,1.094044e+01
5.170800e-01,4.338816e-01,-2.781946e+00,1.167850e+01
5.541984e-01,4.650277e-01,-3.819053e-03,1.181868e+01
5.895812e-01,4.947173e-01,2.650433e+00,1.134639e+01
6.215738e-01,5.215623e-01,4.934582e+00,1.039334e+01
6.486803e-01,5.443074e-01,6.693453e+00,9.203609e+00
6.696327e-01,5.618886e-01,7.892140e+00,8.059769e+00
6.834498e-01,5.734825e-01,8.587684e+00,7.208243e+00
6.894400e-01,5.785088e-01,8.862942e+00,6.817117e+00
6.954302e-01,5.835352e-01,9.121260e+00,6.413623e+00
7.092473e-01,5.951291e-01,9.648743e+00,5.439632e+00
7.301997e-01,6.127103e-01,1.025216e+01,3.865666e+00
7.573062e-01,6.354553e-01,1.064842e+01,1.712703e+00
7.892988e-01,6.623004e-01,1.051688e+01,-8.750868e-01
8.246816e-01,6.919900e-01,9.601548e+00,-3.592568e+00
8.618000e-01,7.231361e-01,7.833385e+00,-6.016281e+00
8.989184e-01,7.542821e-01,5.401675e+00,-7.739621e+00
9.343012e-01,7.839718e-01,2.706594e+00,-8.540612e+00
9.662938e-01,8.108168e-01,1.992237e-01,-8.475941e+00
9.934003e-01,8.335618e-01,-1.794533e+00,-7.836979e+00
1.014353e+00,8.511430e-01,-3.156792e+00,-7.006826e+00
1.028170e+00,8.627369e-01,-3.936980e+00,-6.319382e+00
1.034160e+00,8.677633e-01,-4.241284e+00,-5.991099e+00
1.040150e+00,8.727897e-01,-4.523442e+00,-5.646419e+00
1.053967e+00,8.843835e-01,-5.084400e+00,-4.796797e+00
1.074920e+00,9.019648e-01,-5.677419e+00,-3.399553e+00
1.102026e+00,9.247098e-01,-5.953208e+00,-1.505078e+00
1.134019e+00,9.515548e-01,-5.563302e+00,6.434007e-01
1.169402e+00,9.812444e-01,-4.333007e+00,2.603289e+00
1.206520e+00,1.012390e+00,-2.408527e+00,3.880448e+00
1.243638e+00,1.043537e+00,-2.407347e-01,4.176231e+00
1.279021e+00,1.073226e+00,1.633091e+00,3.555741e+00
1.311014e+00,1.100071e+00,2.865055e+00,2.392752e+00
1.338120e+00,1.122816e+00,3.424870e+00,1.141066e+00
1.359073e+00,1.140397e+00,3.520337e+00,1.242271e-01
1.372890e+00,1.151991e+00,3.424556e+00,-5.245289e-01
1.378880e+00,1.157018e+00,3.345893e+00,-7.932993e-01
1.384870e+00,1.162044e+00,3.245989e+00,-1.051959e+00
1.398687e+00,1.173638e+00,2.940513e+00,-1.601046e+00
1.419640e+00,1.191219e+00,2.308294e+00,-2.274274e+00
1.446746e+00,1.213964e+00,1.289472e+00,-2.794478e+00
1.478739e+00,1.240809e+00,1.192446e-02,-2.847667e+00
1.514122e+00,1.270499e+00,-1.177912e+00,-2.261259e+00
1.551240e+00,1.301645e+00,-1.870586e+00,-1.167491e+00
1.588358e+00,1.332791e+00,-1.859003e+00,2.955426e-02
1.623741e+00,1.362481e+00,-1.278347e+00,9.071470e-01
1.655734e+00,1.389326e+00,-4.819705e-01,1.280238e+00
1.682840e+00,1.412071e+00,2.112206e-01,1.242310e+00
1.703793e+00,1.429652e+00,6.641690e-01,1.015714e+00
1.717610e+00,1.441246e+00,8.953819e-01,7.939262e-01
1.723600e+00,1.446272e+00,9.756653e-01,6.845463e-01
1.729590e+00,1.451299e+00,1.043013e+00,5.691419e-01
1.743407e+00,1.462892e+00,1.147097e+00,2.878594e-01
1.764360e+00,1.480474e+00,1.167305e+00,-1.454254e-01
1.791466e+00,1.503219e+00,9.702591e-01,-6.332231e-01
1.823459e+00,1.530064e+00,5.131487e-01,-9.810990e-01
1.858842e+00,1.559753e+00,-6.850897e-02,-9.992702e-01
1.895960e+00,1.590899e+00,-5.123571e-01,-6.663762e-01
1.933078e+00,1.622045e+00,-6.248219e-01,-1.783420e-01
1.968461e+00,1.651735e+00,-4.301928e-01,2.041923e-01
2.000454e+00,1.678580e+00,-1.134981e-01,3.522390e-01
2.027560e+00,1.701325e+00,1.527416e-01,3.096789e-01
2.048513e+00,1.718906e+00,3.060823e-01,1.922308e-01
2.062330e+00,1.730500e+00,3.695152e-01,8.952357e-02
2.068320e+00,1.735527e+00,3.866472e-01,4.170059e-02
2.074310e+00,1.740553e+00,3.973879e-01,-6.947006e-03
2.088127e+00,1.752147e+00,3.982476e-01,-1.179436e-01
2.109080e+00,1.769728e+00,3.419835e-01,-2.662675e-01
2.136186e+00,1.792473e+00,1.960101e-01,-3.873852e-01
2.168179e+00,1.819318e+00,-7.572258e-03,-3.986260e-01
2.203562e+00,1.849008e+00,-1.659633e-01,-2.721620e-01
2.240680e+00,1.880154e+00,-1.862838e-01,-8.511019e-02
2.277798e+00,1.911300e+00,-7.926379e-02,3.885091e-02
2.313181e+00,1.940989e+00,5.539564e-02,4.340813e-02
2.345174e+00,1.967834e+00,1.322726e-01,-2.976440e-02
2.372280e+00,1.990579e+00,1.396743e-01,-1.098634e-01
2.393233e+00,2.008161e+00,1.121197e-01,-1.602547e-01
2.407050e+00,2.019755e+00,8.326852e-02,-1.817632e-01
2.413040e+00,2.024781e+00,6.926388e-02,-1.876232e-01
2.419030e+00,2.029807e+00,5.482212e-02,-1.913035e-01
2.432847e+00,2.041401e+00,2.160031e-02,-1.915901e-01
2.453800e+00,2.058982e+00,-2.188230e-02,-1.725927e-01
2.480906e+00,2.081727e+00,-5.281330e-02,-1.255828e-01
2.512899e+00,2.108572e+00,-4.542325e-02,-6.722638e-02
2.548282e+00,2.138262e+00,-6.322153e-04,-3.495376e-02
2.585400e+00,2.169408e+00,4.469597e-02,-4.897720e-02
2.622518e+00,2.200554e+00,5.487286e-02,-8.677360e-02
2.657901e+00,2.230244e+00,3.254151e-02,-1.105931e-01
2.689894e+00,2.257089e+00,5.457444e-03,-1.077899e-01
2.717000e+00,2.279834e+00,-8.290167e-03,-9.132732e-02
2.737953e+00,2.297415e+00,-9.566754e-03,-7.611438e-02
2.751770e+00,2.309009e+00,-6.294553e-03,-6.740261e-02
2.757760e+00,2.314035e+00,-4.086266e-03,-6.427563e-02
2.763750e+00,2.319062e+00,-1.518290e-03,-6.162852e-02
2.777567e+00,2.330656e+00,5.273244e-03,-5.754169e-02
2.798520e+00,2.348237e+00,1.574706e-02,-5.679713e-02
2.825626e+00,2.370982e+00,2.478857e-02,-6.335978e-02
2.857619e+00,2.397827e+00,2.480218e-02,-7.420407e-02
2.893002e+00,2.427517e+00,1.507149e-02,-7.932834e-02
2.930120e+00,2.458663e+00,5.463099e-03,-7.336613e-02
2.967238e+00,2.489809e+00,4.743327e-03,-6.318447e-02
3.002621e+00,2.519498e+00,1.032915e-02,-5.816259e-02
3.034614e+00,2.546343e+00,1.473639e-02,-5.926047e-02
3.061720e+00,2.569088e+00,1.523645e-02,-6.196023e-02
3.082673e+00,2.586670e+00,1.366043e-02,-6.338639e-02
3.096490e+00,2.598263e+00,1.210917e-02,-6.357490e-02
3.102480e+00,2.603290e+00,1.140128e-02,-6.344604e-02
3.108470e+00,2.608316e+00,1.070663e-02,-6.319333e-02
3.122287e+00,2.619910e+00,9.271078e-03,-6.218874e-02
3.143240e+00,2.637491e+00,7.894945e-03,-5.989055e-02
3.170346e+00,2.660236e+00,7.874000e-03,-5.670190e-02
3.202339e+00,2.687081e+00,9.525923e-03,-5.439405e-02
3.237722e+00,2.716771e+00,1.104234e-02,-5.416506e-02
3.274840e+00,2.747917e+00,1.060067e-02,-5.461728e-02
3.311958e+00,2.779063e+00,9.030124e-03,-5.371545e-02
3.347341e+00,2.808753e+00,8.240778e-03,-5.169557e-02
3.379334e+00,2.835598e+00,8.506604e-03,-5.002801e-02
3.406440e+00,2.858343e+00,8.961044e-03,-4.922578e-02
3.427393e+00,2.875924e+00,9.128964e-03,-4.891844e-02
3.441210e+00,2.887518e+00,9.093369e-03,-4.876725e-02
3.447200e+00,2.892544e+00,9.042704e-03,-4.869684e-02
3.453190e+00,2.897571e+00,8.973595e-03,-4.861771e-02
3.467007e+00,2.909165e+00,8.760667e-03,-4.838571e-02
3.487960e+00,2.926746e+00,8.379948e-03,-4.786964e-02
3.515066e+00,2.949491e+00,7.995874e-03,-4.695444e-02
3.547059e+00,2.976336e+00,7.877839e-03,-4.580850e-02
3.582442e+00,3.006025e+00,7.982450e-03,-4.483150e-02
3.619560e+00,3.037171e+00,7.938008e-03,-4.410884e-02
3.656678e+00,3.068317e+00,7.648984e-03,-4.334286e-02
3.692061e+00,3.098007e+00,7.387147e-03,-4.244245e-02
3.724054e+00,3.124852e+00,7.286075e-03,-4.161774e-02
3.751160e+00,3.147597e+00,7.252385e-03,-4.100351e-02
3.772113e+00,3.165178e+00,7.209444e-03,-4.058115e-02
3.785930e+00,3.176772e+00,7.162773e-03,-4.031437e-02
3.791920e+00,3.181799e+00,7.137988e-03,-4.019902e-02
3.797910e+00,3.186825e+00,7.110852e-03,-4.008301e-02
3.811727e+00,3.198419e+00,7.041767e-03,-3.981058e-02
3.832680e+00,3.216000e+00,6.932036e-03,-3.938057e-02
3.859786e+00,3.238745e+00,6.809932e-03,-3.880361e-02
3.891779e+00,3.265590e+00,6.710847e-03,-3.813635e-02
3.927162e+00,3.295280e+00,6.620026e-03,-3.745569e-02
3.964280e+00,3.326426e+00,6.497230e-03,-3.678178e-02
4.001398e+00,3.357572e+00,6.358570e-03,-3.610468e-02
4.036781e+00,3.387262e+00,6.244491e-03,-3.546079e-02
4.068774e+00,3.414107e+00,6.156035e-03,-3.490116e-02
4.095880e+00,3.436852e+00,6.079857e-03,-3.444590e-02
4.116833e+00,3.454433e+00,6.017058e-03,-3.410086e-02
4.130650e+00,3.466027e+00,5.974544e-03,-3.387477e-02
4.136640e+00,3.471053e+00,5.956107e-03,-3.377697e-02
4.142630e+00,3.476079e+00,5.937774e-03,-3.367931e-02
4.156447e+00,3.487673e+00,5.896223e-03,-3.345472e-02
4.177400e+00,3.505255e+00,5.836023e-03,-3.311708e-02
4.204506e+00,3.528000e+00,5.762919e-03,-3.268872e-02
4.236499e+00,3.554845e+00,5.679181e-03,-3.219774e-02
4.271882e+00,3.584534e+00,5.585118e-03,-3.166918e-02
4.309000e+00,3.615680e+00,5.487241e-03,-3.112566e-02
4.346118e+00,3.646826e+00,5.394176e-03,-3.059470e-02
4.381501e+00,3.676516e+00,5.308546e-03,-3.010278e-02
4.413494e+00,3.703361e+00,5.231775e-03,-2.966876e-02
4.440600e+00,3.726106e+00,5.167530e-03,-2.930774e-02
4.461553e+00,3.743687e+00,5.118885e-03,-2.903281e-02
4.475370e+00,3.755281e+00,5.087361e-03,-2.885360e-02
4.481360e+00,3.760308e+00,5.073821e-03,-2.877644e-02
4.487350e+00,3.765334e+00,5.060350e-03,-2.869961e-02
4.501167e+00,3.776928e+00,5.029508e-03,-2.852364e-02
4.522120e+00,3.794509e+00,4.983213e-03,-2.826005e-02
4.549226e+00,3.817254e+00,4.923994e-03,-2.792452e-02
4.581219e+00,3.844099e+00,4.855241e-03,-2.753591e-02
4.616602e+00,3.873789e+00,4.781065e-03,-2.711526e-02
4.653720e+00,3.904935e+00,4.705244e-03,-2.668443e-02
4.690838e+00,3.936081e+00,4.631066e-03,-2.626390e-02
4.726221e+00,3.965770e+00,4.561910e-03,-2.587210e-02
4.758214e+00,3.992615e+00,4.500784e-03,-2.552531e-02
4.785320e+00,4.015360e+00,4.449976e-03,-2.523696e-02
4.806273e+00,4.032942e+00,4.411269e-03,-2.501742e-02
4.820090e+00,4.044536e+00,4.386008e-03,-2.487421e-02
4.826080e+00,4.049562e+00,4.375121e-03,-2.481251e-02
4.832070e+00,4.054588e+00,4.364275e-03,-2.475103e-02
4.845887e+00,4.066182e+00,4.339412e-03,-2.461008e-02
4.866840e+00,4.083763e+00,4.302122e-03,-2.439862e-02
4.893946e+00,4.106508e+00,4.254606e-03,-2.412908e-02
4.925939e+00,4.133353e+00,4.199532e-03,-2.381669e-02
4.961322e+00,4.163043e+00,4.139840e-03,-2.347820e-02
4.998440e+00,4.194189e+00,4.078578e-03,-2.313079e-02
5.035558e+00,4.225335e+00,4.018676e-03,-2.279104e-02
5.070941e+00,4.255025e+00,3.962791e-03,-2.247410e-02
5.102934e+00,4.281870e+00,3.913255e-03,-2.219318e-02
5.130040e+00,4.304615e+00,3.872010e-03,-2.195927e-02
5.150993e+00,4.322196e+00,3.840575e-03,-2.178098e-02
5.164810e+00,4.333790e+00,3.820055e-03,-2.166460e-02
5.170800e+00,4.338816e+00,3.811209e-03,-2.161444e-02
5.176790e+00,4.343843e+00,3.802394e-03,-2.156444e-02
5.190607e+00,4.355437e+00,3.782177e-03,-2.144979e-02
5.211560e+00,4.373018e+00,3.751826e-03,-2.127766e-02
5.238666e+00,4.395763e+00,3.713100e-03,-2.105804e-02
5.270659e+00,4.422608e+00,3.668161e-03,-2.080317e-02
5.306042e+00,4.452298e+00,3.619403e-03,-2.052665e-02
5.343160e+00,4.483444e+00,3.569290e-03,-2.024245e-02
5.380278e+00,4.514590e+00,3.520211e-03,-1.996411e-02
5.415661e+00,4.544279e+00,3.474363e-03,-1.970409e-02
5.447654e+00,4.571124e+00,3.433675e-03,-1.947334e-02
5.474760e+00,4.593869e+00,3.399758e-03,-1.928098e-02
5.495713e+00,4.611451e+00,3.373884e-03,-1.913425e-02
5.509530e+00,4.623044e+00,3.356983e-03,-1.903839e-02
5.515520e+00,4.628071e+00,3.349695e-03,-1.899706e-02
5.521510e+00,4.633097e+00,3.342431e-03,-1.895587e-02
5.535327e+00,4.644691e+00,3.325765e-03,-1.886135e-02
5.556280e+00,4.662272e+00,3.300730e-03,-1.871937e-02
5.583386e+00,4.685017e+00,3.268758e-03,-1.853805e-02
5.615379e+00,4.711862e+00,3.231618e-03,-1.832742e-02
5.650762e+00,4.741552e+00,3.191275e-03,-1.809862e-02
5.687880e+00,4.772698e+00,3.149759e-03,-1.786317e-02
5.724998e+00,4.803844e+00,3.109048e-03,-1.763229e-02
5.760381e+00,4.833534e+00,3.070971e-03,-1.741634e-02
5.792374e+00,4.860379e+00,3.037141e-03,-1.722448e-02
5.819480e+00,4.883124e+00,3.008914e-03,-1.706440e-02
5.840433e+00,4.900705e+00,2.987364e-03,-1.694218e-02
5.854250e+00,4.912299e+00,2.973279e-03,-1.686230e-02
5.860240e+00,4.917325e+00,2.967204e-03,-1.682785e-02
5.866230e+00,4.922352e+00,2.961147e-03,-1.679350e-02
5.880047e+00,4.933945e+00,2.947247e-03,-1.671467e-02
5.901000e+00,4.951527e+00,2.926355e-03,-1.659618e-02
5.928106e+00,4.974272e+00,2.899654e-03,-1.644476e-02
5.960099e+00,5.001117e+00,2.868608e-03,-1.626869e-02
5.995482e+00,5.030806e+00,2.834850e-03,-1.607723e-02
6.032600e+00,5.061952e+00,2.800071e-03,-1.587999e-02
6.069718e+00,5.093098e+00,2.765929e-03,-1.568636e-02
6.105101e+00,5.122788e+00,2.733962e-03,-1.550507e-02
6.137094e+00,5.149633e+00,2.705532e-03,-1.534383e-02
6.164200e+00,5.172378e+00,2.681790e-03,-1.520918e-02
6.185153e+00,5.189959e+00,2.663651e-03,-1.510631e-02
6.198970e+00,5.201553e+00,2.651790e-03,-1.503905e-02
6.204960e+00,5.206580e+00,2.646672e-03,-1.501003e-02
6.210950e+00,5.211606e+00,2.641570e-03,-1.498109e-02
6.224767e+00,5.223200e+00,2.629856e-03,-1.491465e-02
6.245720e+00,5.240781e+00,2.612241e-03,-1.481475e-02
6.272826e+00,5.263526e+00,2.589713e-03,-1.468699e-02
6.304819e+00,5.290371e+00,2.563498e-03,-1.453832e-02
6.340202e+00,5.320061e+00,2.534965e-03,-1.437650e-02
6.377320e+00,5.351207e+00,2.505542e-03,-1.420964e-02
6.414438e+00,5.382353e+00,2.476629e-03,-1.404566e-02
6.449821e+00,5.412043e+00,2.449530e-03,-1.389198e-02
6.481814e+00,5.438888e+00,2.425409e-03,-1.375518e-02
6.508920e+00,5.461633e+00,2.405250e-03,-1.364085e-02
6.529873e+00,5.479214e+00,2.389839e-03,-1.355345e-02
6.543690e+00,5.490808e+00,2.379758e-03,-1.349628e-02
6.549680e+00,5.495834e+00,2.375407e-03,-1.347160e-02
6.555670e+00,5.500860e+00,2.371068e-03,-1.344699e-02
6.569487e+00,5.512454e+00,2.361105e-03,-1.339049e-02
6.590440e+00,5.530036e+00,2.346115e-03,-1.330548e-02
6.617546e+00,5.552781e+00,2.326935e-03,-1.319670e-02
6.649539e+00,5.579626e+00,2.304598e-03,-1.307002e-02
6.684922e+00,5.609315e+00,2.280266e-03,-1.293203e-02
6.722040e+00,5.640461e+00,2.255153e-03,-1.278961e-02
6.759158e+00,5.671607e+00,2.230452e-03,-1.264952e-02
6.794541e+00,5.701297e+00,2.207282e-03,-1.251812e-02
6.826534e+00,5.728142e+00,2.186642e-03,-1.240106e-02
6.853640e+00,5.750887e+00,2.169380e-03,-1.230316e-02
6.874593e+00,5.768468e+00,2.156176e-03,-1.222828e-02
6.888410e+00,5.780062e+00,2.147535e-03,-1.217928e-02
6.894400e+00,5.785088e+00,2.143805e-03,-1.215812e-02
6.902387e+00,5.791790e+00,2.138846e-03,-1.213000e-02
6.920810e+00,5.807249e+00,2.127474e-03,-1.206551e-02
6.948746e+00,5.830690e+00,2.110402e-03,-1.196869e-02
6.984888e+00,5.861017e+00,2.088619e-03,-1.184515e-02
7.027545e+00,5.896810e+00,2.063340e-03,-1.170178e-02
7.074722e+00,5.936397e+00,2.035914e-03,-1.154624e-02
7.124213e+00,5.977925e+00,2.007725e-03,-1.138638e-02
7.173705e+00,6.019453e+00,1.980119e-03,-1.122981e-02
7.220882e+00,6.059039e+00,1.954329e-03,-1.108355e-02
7.263538e+00,6.094832e+00,1.931442e-03,-1.095375e-02
7.299680e+00,6.125159e+00,1.912364e-03,-1.084555e-02
7.327617e+00,6.148601e+00,1.897810e-03,-1.076301e-02
7.346040e+00,6.164059e+00,1.888303e-03,-1.070910e-02
7.354027e+00,6.170761e+00,1.884203e-03,-1.068585e-02
7.372409e+00,6.186186e+00,1.874819e-03,-1.063263e-02
7.414811e+00,6.221765e+00,1.853438e-03,-1.051137e-02
7.479109e+00,6.275718e+00,1.821706e-03,-1.033141e-02
7.562293e+00,6.345518e+00,1.781850e-03,-1.010537e-02
7.660472e+00,6.427899e+00,1.736469e-03,-9.848007e-03
7.769054e+00,6.519010e+00,1.688270e-03,-9.574655e-03
7.882962e+00,6.614591e+00,1.639832e-03,-9.299948e-03
7.996870e+00,6.710171e+00,1.593449e-03,-9.036896e-03
8.105452e+00,6.801282e+00,1.551042e-03,-8.796398e-03
8.203631e+00,6.883664e+00,1.514140e-03,-8.587113e-03
8.286815e+00,6.953463e+00,1.483894e-03,-8.415582e-03
8.351113e+00,7.007416e+00,1.461132e-03,-8.286490e-03
8.393515e+00,7.042995e+00,1.446407e-03,-8.202980e-03
8.411898e+00,7.058420e+00,1.440092e-03,-8.167167e-03
8.440676e+00,7.082568e+00,1.430289e-03,-8.111570e-03
8.507056e+00,7.138268e+00,1.408055e-03,-7.985476e-03
8.607717e+00,7.222732e+00,1.375315e-03,-7.799800e-03
8.737943e+00,7.332004e+00,1.334627e-03,-7.569044e-03
8.891643e+00,7.460974e+00,1.288885e-03,-7.309630e-03
9.061630e+00,7.603610e+00,1.240982e-03,-7.037960e-03
9.239955e+00,7.753243e+00,1.193544e-03,-6.768924e-03
9.418281e+00,7.902876e+00,1.148775e-03,-6.515026e-03
9.588268e+00,8.045512e+00,1.108403e-03,-6.286068e-03
9.741968e+00,8.174481e+00,1.073705e-03,-6.089281e-03
9.872193e+00,8.283754e+00,1.045565e-03,-5.929691e-03
9.972854e+00,8.368218e+00,1.024564e-03,-5.810593e-03
1.003923e+01,8.423918e+00,1.011060e-03,-5.734007e-03
1.006801e+01,8.448066e+00,1.005288e-03,-5.701274e-03
1.010719e+01,8.480937e+00,9.975107e-04,-5.657165e-03
1.019755e+01,8.556757e+00,9.799114e-04,-5.557354e-03
1.033457e+01,8.671733e+00,9.540991e-04,-5.410965e-03
1.051184e+01,8.820478e+00,9.221913e-04,-5.230007e-03
1.072106e+01,8.996036e+00,8.865493e-04,-5.027871e-03
1.095245e+01,9.190197e+00,8.494848e-04,-4.817668e-03
1.119519e+01,9.393882e+00,8.130459e-04,-4.611012e-03
1.143793e+01,9.597567e+00,7.789022e-04,-4.417374e-03
1.166933e+01,9.791728e+00,7.483186e-04,-4.243926e-03
1.187855e+01,9.967286e+00,7.221899e-04,-4.095742e-03
1.205582e+01,1.011603e+01,7.011080e-04,-3.976181e-03
1.219284e+01,1.023101e+01,6.854385e-04,-3.887315e-03
1.228320e+01,1.030683e+01,6.753910e-04,-3.830333e-03
1.232237e+01,1.033970e+01,6.711035e-04,-3.806017e-03
1.237194e+01,1.038129e+01,6.657366e-04,-3.775580e-03
1.248628e+01,1.047723e+01,6.536000e-04,-3.706750e-03
1.265966e+01,1.062272e+01,6.358194e-04,-3.605911e-03
1.288397e+01,1.081094e+01,6.138730e-04,-3.481447e-03
1.314872e+01,1.103308e+01,5.894017e-04,-3.342663e-03
1.344151e+01,1.127877e+01,5.640035e-04,-3.198623e-03
1.374867e+01,1.153651e+01,5.390841e-04,-3.057298e-03
1.405583e+01,1.179424e+01,5.157805e-04,-2.925137e-03
1.434863e+01,1.203993e+01,4.949454e-04,-2.806975e-03
1.461337e+01,1.226208e+01,4.771744e-04,-2.706191e-03
1.483768e+01,1.245029e+01,4.628561e-04,-2.624987e-03
1.501107e+01,1.259578e+01,4.522254e-04,-2.564698e-03
1.512541e+01,1.269172e+01,4.454142e-04,-2.526070e-03
1.517498e+01,1.273332e+01,4.425091e-04,-2.509594e-03
1.523494e+01,1.278363e+01,4.390324e-04,-2.489877e-03
1.537326e+01,1.289969e+01,4.311678e-04,-2.445274e-03
1.558300e+01,1.307569e+01,4.196389e-04,-2.379891e-03
1.585436e+01,1.330338e+01,4.053974e-04,-2.299123e-03
1.617462e+01,1.357212e+01,3.895022e-04,-2.208977e-03
1.652882e+01,1.386933e+01,3.729875e-04,-2.115317e-03
1.690040e+01,1.418112e+01,3.567666e-04,-2.023324e-03
1.727198e+01,1.449291e+01,3.415813e-04,-1.937204e-03
1.762618e+01,1.479012e+01,3.279909e-04,-1.860129e-03
1.794644e+01,1.505885e+01,3.163890e-04,-1.794331e-03
1.821779e+01,1.528654e+01,3.070341e-04,-1.741277e-03
1.842754e+01,1.546254e+01,3.000844e-04,-1.701863e-03
1.856586e+01,1.557860e+01,2.956297e-04,-1.676600e-03
1.862582e+01,1.562892e+01,2.937293e-04,-1.665821e-03
1.869618e+01,1.568796e+01,2.915226e-04,-1.653307e-03
1.885848e+01,1.582414e+01,2.865265e-04,-1.624972e-03
1.910459e+01,1.603065e+01,2.791919e-04,-1.583376e-03
1.942298e+01,1.629782e+01,2.701135e-04,-1.531890e-03
1.979877e+01,1.661314e+01,2.599572e-04,-1.474290e-03
2.021438e+01,1.696188e+01,2.493776e-04,-1.414291e-03
2.065037e+01,1.732772e+01,2.389585e-04,-1.355201e-03
2.108636e+01,1.769356e+01,2.291790e-04,-1.299739e-03
2.150197e+01,1.804230e+01,2.204051e-04,-1.249979e-03
2.187776e+01,1.835762e+01,2.128985e-04,-1.207407e-03
2.219615e+01,1.862478e+01,2.068344e-04,-1.173016e-03
2.244226e+01,1.883129e+01,2.023229e-04,-1.147430e-03
2.260455e+01,1.896747e+01,1.994281e-04,-1.131013e-03
2.267492e+01,1.902651e+01,1.981923e-04,-1.124004e-03
2.275567e+01,1.909428e+01,1.967881e-04,-1.116041e-03
2.294195e+01,1.925058e+01,1.936055e-04,-1.097991e-03
2.322442e+01,1.948760e+01,1.889246e-04,-1.071445e-03
2.358985e+01,1.979424e+01,1.831166e-04,-1.038506e-03
2.402116e+01,2.015615e+01,1.765998e-04,-1.001547e-03
2.449817e+01,2.055641e+01,1.697895e-04,-9.629240e-04
2.499858e+01,2.097630e+01,1.630600e-04,-9.247590e-04
2.549899e+01,2.139620e+01,1.567227e-04,-8.888189e-04
2.597601e+01,2.179646e+01,1.510196e-04,-8.564748e-04
2.640731e+01,2.215837e+01,1.461267e-04,-8.287259e-04
2.677275e+01,2.246500e+01,1.421648e-04,-8.062569e-04
2.705522e+01,2.270203e+01,1.392118e-04,-7.895093e-04
2.724149e+01,2.285833e+01,1.373145e-04,-7.787490e-04
2.732225e+01,2.292609e+01,1.365039e-04,-7.741523e-04
2.741340e+01,2.300258e+01,1.355977e-04,-7.690126e-04
2.762366e+01,2.317900e+01,1.335414e-04,-7.573507e-04
2.794249e+01,2.344653e+01,1.305113e-04,-7.401661e-04
2.835497e+01,2.379264e+01,1.267418e-04,-7.187885e-04
2.884180e+01,2.420114e+01,1.224993e-04,-6.947279e-04
2.938021e+01,2.465293e+01,1.180506e-04,-6.694983e-04
2.994504e+01,2.512687e+01,1.136392e-04,-6.444801e-04
3.050987e+01,2.560082e+01,1.094706e-04,-6.208385e-04
3.104829e+01,2.605261e+01,1.057068e-04,-5.994930e-04
3.153512e+01,2.646111e+01,1.024682e-04,-5.811263e-04
3.194759e+01,2.680721e+01,9.983937e-05,-5.662172e-04
3.226643e+01,2.707475e+01,9.787605e-05,-5.550826e-04
3.247668e+01,2.725117e+01,9.661286e-05,-5.479187e-04
3.256783e+01,2.732766e+01,9.607280e-05,-5.448559e-04
3.266938e+01,2.741287e+01,9.547647e-05,-5.414740e-04
3.290361e+01,2.760941e+01,9.412197e-05,-5.337922e-04
3.325881e+01,2.790745e+01,9.212231e-05,-5.224516e-04
3.371833e+01,2.829303e+01,8.962851e-05,-5.083085e-04
3.426068e+01,2.874812e+01,8.681330e-05,-4.923427e-04
3.486050e+01,2.925143e+01,8.385152e-05,-4.755456e-04
3.548974e+01,2.977943e+01,8.090445e-05,-4.588319e-04
3.611899e+01,3.030743e+01,7.811006e-05,-4.429842e-04
3.671881e+01,3.081074e+01,7.557896e-05,-4.286296e-04
3.726116e+01,3.126583e+01,7.339481e-05,-4.162426e-04
3.772068e+01,3.165141e+01,7.161749e-05,-4.061630e-04
3.807588e+01,3.194945e+01,7.028754e-05,-3.986204e-04
3.831011e+01,3.214600e+01,6.943068e-05,-3.937609e-04
3.841166e+01,3.223121e+01,6.906406e-05,-3.916817e-04
3.852360e+01,3.232514e+01,6.866326e-05,-3.894087e-04
3.878181e+01,3.254180e+01,6.775198e-05,-3.842406e-04
3.917337e+01,3.287036e+01,6.640432e-05,-3.765976e-04
3.967993e+01,3.329541e+01,6.471968e-05,-3.670436e-04
4.027780e+01,3.379709e+01,6.281258e-05,-3.562278e-04
4.093903e+01,3.435192e+01,6.079993e-05,-3.448135e-04
4.163269e+01,3.493398e+01,5.879077e-05,-3.334191e-04
4.232635e+01,3.551603e+01,5.687959e-05,-3.225802e-04
4.298758e+01,3.607086e+01,5.514322e-05,-3.127328e-04
4.358545e+01,3.657254e+01,5.364077e-05,-3.042119e-04
4.409201e+01,3.699759e+01,5.241532e-05,-2.972621e-04
4.448357e+01,3.732615e+01,5.149664e-05,-2.920519e-04
4.474178e+01,3.754281e+01,5.090396e-05,-2.886907e-04
4.485373e+01,3.763674e+01,5.065019e-05,-2.872515e-04
4.497607e+01,3.773940e+01,5.037502e-05,-2.856909e-04
4.525826e+01,3.797619e+01,4.974879e-05,-2.821394e-04
4.568617e+01,3.833525e+01,4.882122e-05,-2.768789e-04
4.623978e+01,3.879978e+01,4.765920e-05,-2.702887e-04
4.689317e+01,3.934804e+01,4.634031e-05,-2.628090e-04
4.761580e+01,3.995440e+01,4.494444e-05,-2.548926e-04
4.837388e+01,4.059051e+01,4.354680e-05,-2.469662e-04
4.913196e+01,4.122661e+01,4.221336e-05,-2.394039e-04
4.985459e+01,4.183297e+01,4.099848e-05,-2.325140e-04
5.050799e+01,4.238123e+01,3.994459e-05,-2.265370e-04
5.106159e+01,4.284576e+01,3.908314e-05,-2.216515e-04
5.148951e+01,4.320483e+01,3.843622e-05,-2.179826e-04
5.177170e+01,4.344161e+01,3.801835e-05,-2.156128e-04
5.189404e+01,4.354427e+01,3.783931e-05,-2.145974e-04
5.202677e+01,4.365565e+01,3.764648e-05,-2.135038e-04
5.233294e+01,4.391255e+01,3.720727e-05,-2.110129e-04
5.279722e+01,4.430213e+01,3.655577e-05,-2.073181e-04
5.339787e+01,4.480613e+01,3.573801e-05,-2.026803e-04
5.410678e+01,4.540098e+01,3.480765e-05,-1.974040e-04
5.489082e+01,4.605887e+01,3.382040e-05,-1.918050e-04
5.571332e+01,4.674902e+01,3.282919e-05,-1.861836e-04
5.653581e+01,4.743918e+01,3.188092e-05,-1.808057e-04
5.731985e+01,4.809707e+01,3.101473e-05,-1.758933e-04
5.802877e+01,4.869192e+01,3.026157e-05,-1.716219e-04
5.862941e+01,4.919592e+01,2.964470e-05,-1.681235e-04
5.909369e+01,4.958550e+01,2.918071e-05,-1.654920e-04
5.939986e+01,4.984240e+01,2.888067e-05,-1.637904e-04
5.953260e+01,4.995378e+01,2.875203e-05,-1.630609e-04
5.967573e+01,5.007388e+01,2.861427e-05,-1.622796e-04
6.000587e+01,5.035091e+01,2.830027e-05,-1.604988e-04
6.050652e+01,5.077100e+01,2.783389e-05,-1.578538e-04
6.115420e+01,5.131447e+01,2.724743e-05,-1.545278e-04
6.191864e+01,5.195591e+01,2.657880e-05,-1.507358e-04
6.276408e+01,5.266532e+01,2.586758e-05,-1.467023e-04
6.365100e+01,5.340953e+01,2.515172e-05,-1.426425e-04
6.453791e+01,5.415374e+01,2.446518e-05,-1.387489e-04
6.538335e+01,5.486315e+01,2.383657e-05,-1.351839e-04
6.614779e+01,5.550459e+01,2.328882e-05,-1.320775e-04
6.679548e+01,5.604806e+01,2.283937e-05,-1.295285e-04
6.729612e+01,5.646815e+01,2.250081e-05,-1.276084e-04
6.762627e+01,5.674518e+01,2.228165e-05,-1.263655e-04
6.776940e+01,5.686528e+01,2.218763e-05,-1.258323e-04
6.792293e+01,5.699410e+01,2.208744e-05,-1.252641e-04
6.827705e+01,5.729125e+01,2.185892e-05,-1.239681e-04
6.881406e+01,5.774185e+01,2.151909e-05,-1.220408e-04
6.950878e+01,5.832479e+01,2.109108e-05,-1.196134e-04
7.032874e+01,5.901282e+01,2.060215e-05,-1.168406e-04
7.123559e+01,5.977376e+01,2.008094e-05,-1.138847e-04
7.218692e+01,6.057202e+01,1.955515e-05,-1.109028e-04
7.313825e+01,6.137028e+01,1.904974e-05,-1.080364e-04
7.404510e+01,6.213122e+01,1.858598e-05,-1.054063e-04
7.486506e+01,6.281924e+01,1.818109e-05,-1.031101e-04
7.555979e+01,6.340219e+01,1.784829e-05,-1.012227e-04
7.609679e+01,6.385279e+01,1.759728e-05,-9.979912e-05
7.645092e+01,6.414994e+01,1.743463e-05,-9.887671e-05
7.660444e+01,6.427876e+01,1.736482e-05,-9.848078e-05
7.668431e+01,6.434578e+01,1.732866e-05,-9.827574e-05
7.686854e+01,6.450036e+01,1.724570e-05,-9.780524e-05
7.714791e+01,6.473478e+01,1.712103e-05,-9.709818e-05
7.750933e+01,6.503805e+01,1.696173e-05,-9.619477e-05
7.793590e+01,6.539598e+01,1.677657e-05,-9.514464e-05
7.840767e+01,6.579184e+01,1.657529e-05,-9.400314e-05
7.890258e+01,6.620712e+01,1.636801e-05,-9.282758e-05
7.939749e+01,6.662240e+01,1.616459e-05,-9.167393e-05
7.986926e+01,6.701827e+01,1.597419e-05,-9.059413e-05
8.029583e+01,6.737620e+01,1.580492e-05,-8.963413e-05
8.065725e+01,6.767947e+01,1.566359e-05,-8.883265e-05
8.093661e+01,6.791388e+01,1.555565e-05,-8.822046e-05
8.112084e+01,6.806847e+01,1.548507e-05,-8.782022e-05
8.120071e+01,6.813549e+01,1.545463e-05,-8.764754e-05
8.252426e+01,6.924608e+01,1.496287e-05,-8.485864e-05
8.557717e+01,7.180777e+01,1.391433e-05,-7.891209e-05
9.020667e+01,7.569239e+01,1.252278e-05,-7.102023e-05
9.619591e+01,8.071795e+01,1.101197e-05,-6.245198e-05
1.032648e+02,8.664942e+01,9.555951e-06,-5.419449e-05
1.110827e+02,9.320942e+01,8.258204e-06,-4.683460e-05
1.192841e+02,1.000912e+02,7.161654e-06,-4.061576e-05
1.274855e+02,1.069730e+02,6.269845e-06,-3.555806e-05
1.353034e+02,1.135330e+02,5.566227e-06,-3.156764e-05
1.423722e+02,1.194645e+02,5.027217e-06,-2.851077e-05
1.483615e+02,1.244900e+02,4.629520e-06,-2.625532e-05
1.529910e+02,1.283747e+02,4.353581e-06,-2.469039e-05
1.560439e+02,1.309363e+02,4.184897e-06,-2.373373e-05
1.573674e+02,1.320469e+02,4.114798e-06,-2.333618e-05
1.599346e+02,1.342011e+02,3.983759e-06,-2.259302e-05
1.658562e+02,1.391699e+02,3.704371e-06,-2.100853e-05
1.748359e+02,1.467047e+02,3.333627e-06,-1.890594e-05
1.864529e+02,1.564526e+02,2.931161e-06,-1.662344e-05
2.001641e+02,1.679576e+02,2.543349e-06,-1.442405e-05
2.153281e+02,1.806817e+02,2.197742e-06,-1.246402e-05
2.312360e+02,1.940300e+02,1.905756e-06,-1.080808e-05
2.471439e+02,2.073783e+02,1.668317e-06,-9.461493e-06
2.623079e+02,2.201025e+02,1.481001e-06,-8.399174e-06
2.760190e+02,2.316075e+02,1.337519e-06,-7.585449e-06
2.876361e+02,2.413553e+02,1.231662e-06,-6.985100e-06
2.966157e+02,2.488902e+02,1.158217e-06,-6.568573e-06
3.025373e+02,2.538590e+02,1.113321e-06,-6.313955e-06
3.051046e+02,2.560131e+02,1.094664e-06,-6.208147e-06
3.089155e+02,2.592109e+02,1.067822e-06,-6.055919e-06
3.177057e+02,2.665868e+02,1.009550e-06,-5.725445e-06
3.310355e+02,2.777718e+02,9.298844e-07,-5.273637e-06
3.482804e+02,2.922419e+02,8.400790e-07,-4.764325e-06
3.686338e+02,3.093205e+02,7.498733e-07,-4.252743e-06
3.911440e+02,3.282088e+02,6.660470e-07,-3.777340e-06
4.147583e+02,3.480236e+02,5.923630e-07,-3.359457e-06
4.383727e+02,3.678384e+02,5.302627e-07,-3.007269e-06
4.608829e+02,3.867267e+02,4.797301e-07,-2.720685e-06
4.812363e+02,4.038052e+02,4.400088e-07,-2.495414e-06
4.984812e+02,4.182754e+02,4.100914e-07,-2.325744e-06
5.118109e+02,4.294604e+02,3.890084e-07,-2.206176e-06
5.206012e+02,4.368363e+02,3.759826e-07,-2.132304e-06
5.244121e+02,4.400340e+02,3.705379e-07,-2.101425e-06
5.294667e+02,4.442753e+02,3.634970e-07,-2.061494e-06
5.411257e+02,4.540584e+02,3.480021e-07,-1.973618e-06
5.588056e+02,4.688936e+02,3.263297e-07,-1.850708e-06
5.816783e+02,4.880860e+02,3.011705e-07,-1.708023e-06
6.086740e+02,5.107381e+02,2.750481e-07,-1.559876e-06
6.385303e+02,5.357905e+02,2.499281e-07,-1.417413e-06
6.698511e+02,5.620719e+02,2.271023e-07,-1.287961e-06
7.011720e+02,5.883532e+02,2.072665e-07,-1.175466e-06
7.310283e+02,6.134056e+02,1.906820e-07,-1.081411e-06
7.580240e+02,6.360577e+02,1.773423e-07,-1.005758e-06
7.808967e+02,6.552501e+02,1.671056e-07,-9.477029e-07
7.985766e+02,6.700853e+02,1.597883e-07,-9.062045e-07
8.102356e+02,6.798684e+02,1.552228e-07,-8.803123e-07
8.152902e+02,6.841097e+02,1.533041e-07,-8.694307e-07
8.215884e+02,6.893946e+02,1.509627e-07,-8.561518e-07
8.361161e+02,7.015847e+02,1.457622e-07,-8.266587e-07
8.581461e+02,7.200701e+02,1.383744e-07,-7.847601e-07
8.866466e+02,7.439848e+02,1.296215e-07,-7.351201e-07
9.202846e+02,7.722105e+02,1.203189e-07,-6.823624e-07
9.574870e+02,8.034270e+02,1.111507e-07,-6.303672e-07
9.965144e+02,8.361749e+02,1.026150e-07,-5.819588e-07
1.035542e+03,8.689227e+02,9.502611e-08,-5.389198e-07
1.072744e+03,9.001393e+02,8.854944e-08,-5.021888e-07
1.106382e+03,9.283649e+02,8.324686e-08,-4.721164e-07
1.134883e+03,9.522796e+02,7.911817e-08,-4.487015e-07
1.156913e+03,9.707650e+02,7.613371e-08,-4.317757e-07
1.171440e+03,9.829552e+02,7.425707e-08,-4.211328e-07
1.177739e+03,9.882400e+02,7.346497e-08,-4.166406e-07
1.185281e+03,9.945685e+02,7.253303e-08,-4.113553e-07
1.202677e+03,1.009166e+03,7.044988e-08,-3.995411e-07
1.229057e+03,1.031301e+03,6.745809e-08,-3.825739e-07
1.263185e+03,1.059938e+03,6.386221e-08,-3.621806e-07
1.303466e+03,1.093738e+03,5.997621e-08,-3.401420e-07
1.348014e+03,1.131118e+03,5.607757e-08,-3.180317e-07
1.394748e+03,1.170333e+03,5.238255e-08,-2.970762e-07
1.441482e+03,1.209547e+03,4.904105e-08,-2.781256e-07
1.486030e+03,1.246928e+03,4.614479e-08,-2.617001e-07
1.526311e+03,1.280727e+03,4.374136e-08,-2.480696e-07
1.560439e+03,1.309364e+03,4.184895e-08,-2.373372e-07
1.586819e+03,1.331499e+03,4.046907e-08,-2.295115e-07
1.604216e+03,1.346097e+03,3.959613e-08,-2.245608e-07
1.611758e+03,1.352425e+03,3.922643e-08,-2.224641e-07
1.620543e+03,1.359797e+03,3.880225e-08,-2.200585e-07
1.640808e+03,1.376802e+03,3.784971e-08,-2.146564e-07
1.671538e+03,1.402587e+03,3.647081e-08,-2.068362e-07
1.711295e+03,1.435947e+03,3.479594e-08,-1.973376e-07
1.758217e+03,1.475319e+03,3.296349e-08,-1.869452e-07
1.810112e+03,1.518864e+03,3.110050e-08,-1.763797e-07
1.864552e+03,1.564545e+03,2.931090e-08,-1.662303e-07
1.918993e+03,1.610226e+03,2.767143e-08,-1.569325e-07
1.970887e+03,1.653771e+03,2.623340e-08,-1.487770e-07
2.017810e+03,1.693143e+03,2.502751e-08,-1.419381e-07
2.057566e+03,1.726503e+03,2.406970e-08,-1.365060e-07
2.088296e+03,1.752289e+03,2.336652e-08,-1.325181e-07
2.108561e+03,1.769293e+03,2.291953e-08,-1.299831e-07
2.117347e+03,1.776665e+03,2.272972e-08,-1.289067e-07
2.127376e+03,1.785081e+03,2.251591e-08,-1.276941e-07
2.150510e+03,1.804492e+03,2.203410e-08,-1.249616e-07
2.185590e+03,1.833928e+03,2.133245e-08,-1.209823e-07
2.230974e+03,1.872010e+03,2.047336e-08,-1.161102e-07
2.284539e+03,1.916956e+03,1.952455e-08,-1.107292e-07
2.343780e+03,1.966665e+03,1.855003e-08,-1.052024e-07
2.405927e+03,2.018812e+03,1.760408e-08,-9.983771e-08
2.468074e+03,2.070960e+03,1.672869e-08,-9.487312e-08
2.527314e+03,2.120669e+03,1.595363e-08,-9.047755e-08
2.580879e+03,2.165615e+03,1.529829e-08,-8.676090e-08
2.626263e+03,2.203696e+03,1.477412e-08,-8.378821e-08
2.661344e+03,2.233132e+03,1.438720e-08,-8.159386e-08
2.684477e+03,2.252544e+03,1.414030e-08,-8.019364e-08
2.694507e+03,2.260960e+03,1.403523e-08,-7.959777e-08
2.705780e+03,2.270419e+03,1.391853e-08,-7.893590e-08
2.731782e+03,2.292237e+03,1.365482e-08,-7.744035e-08
2.771213e+03,2.325323e+03,1.326901e-08,-7.525229e-08
2.822224e+03,2.368127e+03,1.279367e-08,-7.255650e-08
2.882431e+03,2.418647e+03,1.226479e-08,-6.955709e-08
2.949018e+03,2.474520e+03,1.171718e-08,-6.645144e-08
3.018872e+03,2.533134e+03,1.118121e-08,-6.341180e-08
3.088725e+03,2.591748e+03,1.068119e-08,-6.057604e-08
3.155312e+03,2.647621e+03,1.023513e-08,-5.804633e-08
3.215519e+03,2.698141e+03,9.855439e-09,-5.589297e-08
3.266531e+03,2.740945e+03,9.550028e-09,-5.416090e-08
3.305961e+03,2.774031e+03,9.323578e-09,-5.287664e-08
3.331964e+03,2.795850e+03,9.178625e-09,-5.205457e-08
3.343237e+03,2.805309e+03,9.116831e-09,-5.170412e-08
3.355754e+03,2.815812e+03,9.048947e-09,-5.131913e-08
3.384625e+03,2.840037e+03,8.895230e-09,-5.044735e-08
3.428405e+03,2.876774e+03,8.669496e-09,-4.916716e-08
3.485045e+03,2.924300e+03,8.389990e-09,-4.758200e-08
3.551894e+03,2.980393e+03,8.077149e-09,-4.580779e-08
3.625827e+03,3.042430e+03,7.751110e-09,-4.395873e-08
3.703387e+03,3.107511e+03,7.429848e-09,-4.213676e-08
3.780947e+03,3.172591e+03,7.128153e-09,-4.042576e-08
3.854880e+03,3.234628e+03,6.857352e-09,-3.888997e-08
3.921729e+03,3.290722e+03,6.625565e-09,-3.757545e-08
3.978369e+03,3.338248e+03,6.438253e-09,-3.651315e-08
4.022150e+03,3.374984e+03,6.298856e-09,-3.572259e-08
4.051021e+03,3.399210e+03,6.209394e-09,-3.521522e-08
4.063537e+03,3.409713e+03,6.171200e-09,-3.499861e-08
4.077298e+03,3.421259e+03,6.129616e-09,-3.476278e-08
4.109038e+03,3.447892e+03,6.035287e-09,-3.422781e-08
4.157168e+03,3.488278e+03,5.896345e-09,-3.343984e-08
4.219436e+03,3.540527e+03,5.723602e-09,-3.246016e-08
4.292927e+03,3.602194e+03,5.529312e-09,-3.135828e-08
4.374207e+03,3.670395e+03,5.325735e-09,-3.020374e-08
4.459473e+03,3.741942e+03,5.124023e-09,-2.905978e-08
4.544739e+03,3.813489e+03,4.933558e-09,-2.797960e-08
4.626019e+03,3.881690e+03,4.761715e-09,-2.700503e-08
4.699510e+03,3.943357e+03,4.613951e-09,-2.616702e-08
4.761778e+03,3.995606e+03,4.494071e-09,-2.548714e-08
4.809908e+03,4.035992e+03,4.404580e-09,-2.497962e-08
4.841648e+03,4.062625e+03,4.347021e-09,-2.465318e-08
4.855409e+03,4.074172e+03,4.322416e-09,-2.451364e-08
4.870413e+03,4.086761e+03,4.295826e-09,-2.436284e-08
4.905021e+03,4.115801e+03,4.235419e-09,-2.402026e-08
4.957502e+03,4.159838e+03,4.146220e-09,-2.351438e-08
5.025397e+03,4.216809e+03,4.034943e-09,-2.288330e-08
5.105531e+03,4.284049e+03,3.909276e-09,-2.217060e-08
5.194157e+03,4.358415e+03,3.777010e-09,-2.142049e-08
5.287129e+03,4.436428e+03,3.645342e-09,-2.067376e-08
5.380102e+03,4.514442e+03,3.520441e-09,-1.996542e-08
5.468727e+03,4.588807e+03,3.407263e-09,-1.932355e-08
5.548861e+03,4.656048e+03,3.309561e-09,-1.876945e-08
5.616757e+03,4.713018e+03,3.230033e-09,-1.831843e-08
5.669238e+03,4.757055e+03,3.170508e-09,-1.798084e-08
5.703846e+03,4.786095e+03,3.132150e-09,-1.776331e-08
5.718850e+03,4.798685e+03,3.115737e-09,-1.767022e-08
5.735098e+03,4.812318e+03,3.098108e-09,-1.757024e-08
5.772575e+03,4.843765e+03,3.058011e-09,-1.734284e-08
5.829406e+03,4.891452e+03,2.998676e-09,-1.700634e-08
5.902929e+03,4.953146e+03,2.924442e-09,-1.658534e-08
5.989705e+03,5.025959e+03,2.840320e-09,-1.610825e-08
6.085677e+03,5.106489e+03,2.751442e-09,-1.560420e-08
6.186356e+03,5.190969e+03,2.662615e-09,-1.510044e-08
6.287035e+03,5.275449e+03,2.578020e-09,-1.462068e-08
6.383007e+03,5.355979e+03,2.501080e-09,-1.418433e-08
6.469783e+03,5.428793e+03,2.434438e-09,-1.380638e-08
6.543306e+03,5.490486e+03,2.380037e-09,-1.349786e-08
6.600137e+03,5.538173e+03,2.339226e-09,-1.326641e-08
6.637614e+03,5.569620e+03,2.312886e-09,-1.311703e-08
6.653862e+03,5.583253e+03,2.301604e-09,-1.305304e-08
6.671353e+03,5.597930e+03,2.289551e-09,-1.298469e-08
6.711699e+03,5.631784e+03,2.262107e-09,-1.282905e-08
6.772880e+03,5.683122e+03,2.221423e-09,-1.259832e-08
6.852031e+03,5.749537e+03,2.170399e-09,-1.230894e-08
6.945450e+03,5.827924e+03,2.112406e-09,-1.198005e-08
7.048767e+03,5.914618e+03,2.050935e-09,-1.163143e-08
7.157153e+03,6.005565e+03,1.989287e-09,-1.128181e-08
7.265539e+03,6.096511e+03,1.930379e-09,-1.094772e-08
7.368857e+03,6.183205e+03,1.876627e-09,-1.064288e-08
7.462275e+03,6.261592e+03,1.829935e-09,-1.037808e-08
7.541426e+03,6.328008e+03,1.791724e-09,-1.016137e-08
7.602607e+03,6.379345e+03,1.763003e-09,-9.998487e-09
7.642953e+03,6.413199e+03,1.744439e-09,-9.893205e-09
